YEAR,RD,PICK,TEAM,PLAYER,POS,SCHOOL,TYPE,ST,SIGNED,BONUS
2023,1,1,Pittsburgh Pirates,Paul Skenes,RHP,LSU,4YR,LA,N,
2023,1,2,Washington Nationals,Dylan Crews,OF,LSU,4YR,LA,N,
2023,1,3,Detroit Tigers,Max Clark,OF,Franklin Community HS,HS,IN,N,
2023,1,4,Texas Rangers,Wyatt Langford,OF,Florida,4YR,FL,N,
2023,1,5,Minnesota Twins,Walker Jenkins,OF,South Brunswick HS,HS,NC,N,
2023,1,6,Oakland Athletics,Jacob Wilson,SS,Grand Canyon University,4YR,AZ,N,
2023,1,7,Cincinnati Reds,Rhett Lowder,RHP,Wake Forest,4YR,NC,N,
2023,1,8,Kansas City Royals,Blake Mitchell,C,Sinton HS,HS,TX,N,
2023,1,9,Colorado Rockies,Chase Dollander,RHP,Tennessee,4YR,TN,N,
2023,1,10,Miami Marlins,Noble Meyer,RHP,Jesuit HS,HS,OR,N,
2023,1,11,Los Angeles Angels,Nolan Schanuel,1B,Florida Atlantic,4YR,FL,N,
2023,1,12,Arizona Diamondbacks,Tommy Troy,SS,Stanford,4YR,CA,N,
2023,1,13,Chicago Cubs,Matt Shaw,SS,Maryland,4YR,MD,N,
2023,1,14,Boston Red Sox,Kyle Teel,C,Virginia,4YR,VA,N,
2023,1,15,Chicago White Sox,Jacob Gonzalez,SS,Ole Miss,4YR,MS,N,
2023,1,16,San Francisco Giants,Bryce Eldridge,TWP,James Madison HS,HS,VA,N,
2023,1,17,Baltimore Orioles,Enrique Bradfield,OF,Vanderbilt,4YR,TN,N,
2023,1,18,Milwaukee Brewers,Brock Wilken,3B,Wake Forest,4YR,NC,N,
2023,1,19,Tampa Bay Rays,Brayden Taylor,SS,TCU,4YR,TX,N,
2023,1,20,Toronto Blue Jays,Arjun Nimmala,SS,Strawberry Crest HS,HS,FL,N,
2023,1,21,St. Louis Cardinals,Chase Davis,OF,Arizona,4YR,AZ,N,
2023,1,22,Seattle Mariners,Colt Emerson,SS,John Glenn HS,HS,OH,N,
2023,1,23,Cleveland Guardians,Ralphy Velazquez,C,Huntington Beach HS,HS,CA,N,
2023,1,24,Atlanta Braves,Hurston Waldrep,RHP,Florida,4YR,FL,N,
2023,1,25,San Diego Padres,Dillon Head,OF,Homewood Flossmoor HS,HS,IL,N,
2023,1,26,New York Yankees,George Lombard,SS,Gulliver Prep School,HS,FL,N,
2023,1,27,Philadelphia Phillies,Aidan Miller,SS,J.W. Mitchell HS,HS,FL,N,
2023,1,28,Houston Astros,Brice Matthews,SS,Nebraska,4YR,NE,N,
2023,PPI,29,Seattle Mariners,Jonny Farmelo,OF,Westfield HS,HS,VA,N,
2023,1s,30,Seattle Mariners,Tai Peete,SS,Trinity Christian School,HS,GA,N,
2023,1s,31,Tampa Bay Rays,Adrian Santana,SS,Doral Academy,HS,FL,N,
2023,1,32,New York Mets,Colin Houck,SS,Parkview HS,HS,GA,N,
2023,1s,33,Milwaukee Brewers,Josh Knoth,RHP,Patchogue Medford HS,HS,NY,N,
2023,1s,34,Minnesota Twins,Charlee Soto,RHP,Reborn Christian Academy,HS,FL,N,
2023,1s,35,Miami Marlins,Thomas White,LHP,Phillips Academy,HS,MA,N,
2023,1,36,Los Angeles Dodgers,Kendall George,OF,Atascocita HS,HS,TX,N,
2023,1s,37,Detroit Tigers,Kevin McGonigle,SS,Monsignor Bonner HS,HS,PA,N,
2023,1s,38,Cincinnati Reds,Ty Floyd,RHP,LSU,4YR,LA,N,
2023,1s,39,Oakland Athletics,Myles Naylor,3B,St Joan Of Arc Catholic SS,HS,ON,N,
2023,2,40,Washington Nationals,Yohandy Morales,3B,Miami,4YR,FL,N,
2023,2,41,Oakland Athletics,Ryan Lasko,OF,Rutgers,4YR,NJ,N,
2023,2,42,Pittsburgh Pirates,Mitch Jebb,SS,Michigan State,4YR,MI,N,
2023,2,43,Cincinnati Reds,Sammy Stafura,SS,Walter Panas HS,HS,NY,N,
2023,2,44,Kansas City Royals,Blake Wolters,RHP,Mahomet-Seymour HS,HS,IL,N,
2023,2,45,Detroit Tigers,Max Anderson,2B,Nebraska,4YR,NE,N,
2023,2,46,Colorado Rockies,Sean Sullivan,LHP,Wake Forest,4YR,NC,N,
2023,2,47,Miami Marlins,Kemp Alderman,OF,Ole Miss,4YR,MS,N,
2023,2,48,Arizona Diamondbacks,LuJames Groover,3B,NC State,4YR,NC,N,
2023,2,49,Minnesota Twins,Luke Keaschall,2B,Arizona State,4YR,AZ,N,
2023,2,50,Boston Red Sox,Nazzan Zanetello,SS,Christian Brothers College HS,HS,MO,N,
2023,2,51,Chicago White Sox,Grant Taylor,RHP,LSU,4YR,LA,N,
2023,2,52,San Francisco Giants,Walker Martin,SS,Eaton HS,HS,CO,N,
2023,2,53,Baltimore Orioles,Mac Horvath,OF,North Carolina,4YR,NC,N,
2023,2,54,Milwaukee Brewers,Mike Boeve,3B,Nebraska-Omaha,4YR,NE,N,
2023,2,55,Tampa Bay Rays,Colton Ledbetter,OF,Mississippi State,4YR,MS,N,
2023,2,56,New York Mets,Brandon Sproat,RHP,Florida,4YR,FL,N,
2023,2,57,Seattle Mariners,Ben Williamson,3B,William & Mary,4YR,VA,N,
2023,2,58,Cleveland Guardians,Alexander Clemmey,LHP,Bishop Hendricken School,HS,RI,N,
2023,2,59,Atlanta Braves,Drue Hackenberg,RHP,Virginia Tech,4YR,VA,N,
2023,2,60,Los Angeles Dodgers,Jake Gelof,3B,Virginia,4YR,VA,N,
2023,2,61,Houston Astros,Alonzo Tredwell,RHP,UCLA,4YR,CA,N,
2023,2s,62,Cleveland Guardians,Andrew Walters,RHP,Miami,4YR,FL,N,
2023,2s,63,Baltimore Orioles,Jackson Baumeister,RHP,Florida State,4YR,FL,N,
2023,2s,64,Arizona Diamondbacks,Caden Grice,LHP,Clemson,4YR,SC,N,
2023,2s,65,Colorado Rockies,Cole Carrigg,C,San Diego State,4YR,CA,N,
2023,2s,66,Kansas City Royals,Carson Roccaforte,OF,University Of Louisiana At Lafayette,4YR,LA,N,
2023,2s,67,Pittsburgh Pirates,Zander Mueth,RHP,Belleville East HS,HS,IL,N,
2023,2s,68,Chicago Cubs,Jaxon Wiggins,RHP,Arkansas,4YR,AR,N,
2023,2s,69,San Francisco Giants,Joe Whitman,LHP,Kent State,4YR,OH,N,
2023,2s,70,Atlanta Braves,Cade Kuehler,RHP,Campbell University,4YR,NC,N,
2023,3,71,Washington Nationals,Travis Sykora,RHP,Round Rock HS,HS,TX,N,
2023,3,72,Oakland Athletics,Steven Echavarria,RHP,Millburn HS,HS,NJ,N,
2023,3,73,Pittsburgh Pirates,Garret Forrester,3B,Oregon State,4YR,OR,N,
2023,3,74,Cincinnati Reds,Hunter Hollan,LHP,Arkansas,4YR,AR,N,
2023,3,75,Kansas City Royals,Hiro Wyatt,RHP,Staples HS,HS,CT,N,
2023,3,76,Detroit Tigers,Paul Wilson,LHP,Lakeridge HS,HS,OR,N,
2023,3,77,Colorado Rockies,Jack Mahoney,RHP,South Carolina,4YR,SC,N,
2023,3,78,Miami Marlins,Brock Vradenburg,1B,Michigan State,4YR,MI,N,
2023,3,79,Los Angeles Angels,Alberto Rios,3B,Stanford,4YR,CA,N,
2023,3,80,Arizona Diamondbacks,Jack Hurley,OF,Virginia Tech,4YR,VA,N,
2023,3,81,Chicago Cubs,Josh Rivera,SS,Florida,4YR,FL,N,
2023,3,82,Minnesota Twins,Brandon Winokur,OF,Edison HS,HS,CA,N,
2023,3,83,Boston Red Sox,Antonio Anderson,SS,North Atlanta HS,HS,GA,N,
2023,3,84,Chicago White Sox,Seth Keener,RHP,Wake Forest,4YR,NC,N,
2023,3,85,San Francisco Giants,Cole Foster,SS,Auburn,4YR,AL,N,
2023,3,86,Baltimore Orioles,Kiefer Lord,RHP,Washington,4YR,WA,N,
2023,3,87,Milwaukee Brewers,Eric Bitonti,SS,Aquinas HS,HS,CA,N,
2023,3,88,Tampa Bay Rays,Tre' Morgan,1B,LSU,4YR,LA,N,
2023,3,89,Toronto Blue Jays,Juaron Watts-Brown,RHP,Oklahoma State,4YR,OK,N,
2023,3,90,St. Louis Cardinals,Travis Honeyman,OF,Boston College,4YR,MA,N,
2023,3,91,New York Mets,Nolan McLean,TWP,Oklahoma State,4YR,OK,N,
2023,3,92,Seattle Mariners,Teddy McGraw,RHP,Wake Forest,4YR,NC,N,
2023,3,93,Cleveland Guardians,C.J. Kayfus,OF,Miami,4YR,FL,N,
2023,3,94,Atlanta Braves,Sabin Ceballos,SS,Oregon,4YR,OR,N,
2023,3,95,Los Angeles Dodgers,Brady Smith,RHP,Grainger HS,HS,TN,N,
2023,3,96,San Diego Padres,JD Gonzalez,C,Anita Otero Hernandez HS,HS,CYP,N,
2023,3,97,New York Yankees,Kyle Carr,LHP,Palomar College,JC,CA,N,
2023,3,98,Philadelphia Phillies,Devin Saltiban,SS,Hilo HS,HS,HI,N,
2023,3,99,Houston Astros,Jake Bloss,RHP,Georgetown,4YR,DC,N,
2023,3,100,Baltimore Orioles,Tavian Josenberger,OF,Arkansas,4YR,AR,N,
2023,3,101,New York Mets,Kade Morris,RHP,Nevada,4YR,NV,N,
2023,4,102,Washington Nationals,Andrew Pinckney,OF,Alabama,4YR,AL,N,
2023,4,103,Oakland Athletics,Cole Miller,RHP,Newbury Park HS,HS,CA,N,
2023,4,104,Pittsburgh Pirates,Carlson Reed,RHP,West Virginia,4YR,WV,N,
2023,4,105,Cincinnati Reds,Cole Schoenwetter,RHP,San Marcos HS,HS,CA,N,
2023,4,106,Kansas City Royals,Hunter Owen,LHP,Vanderbilt,4YR,TN,N,
2023,4,107,Detroit Tigers,Carson Rucker,3B,Goodpasture Christian School,HS,TN,N,
2023,4,108,Texas Rangers,Skylar Hales,RHP,Santa Clara,4YR,CA,N,
2023,4,109,Colorado Rockies,Isaiah Coupet,LHP,Ohio State,4YR,OH,N,
2023,4,110,Miami Marlins,Emmett Olson,LHP,Nebraska,4YR,NE,N,
2023,4,111,Los Angeles Angels,Joe Redfield,OF,Sam Houston,4YR,TX,N,
2023,4,112,Arizona Diamondbacks,Grayson Hitt,LHP,Alabama,4YR,AL,N,
2023,4,113,Chicago Cubs,Will Sanders,RHP,South Carolina,4YR,SC,N,
2023,4,114,Minnesota Twins,Tanner Hall,RHP,Southern Mississippi,4YR,MS,N,
2023,4,115,Boston Red Sox,Matthew Duffy,RHP,Canisius College,4YR,NY,N,
2023,4,116,Chicago White Sox,Calvin Harris,C,Ole Miss,4YR,MS,N,
2023,4,117,San Francisco Giants,Maui Ahuna,SS,Tennessee,4YR,TN,N,
2023,4,118,Baltimore Orioles,Levi Wells,RHP,Texas State,4YR,TX,N,
2023,4,119,Milwaukee Brewers,Jason Woodward,RHP,Florida Gulf Coast University,4YR,FL,N,
2023,4,120,Tampa Bay Rays,Hunter Haas,SS,Texas A&M,4YR,TX,N,
2023,4,121,Toronto Blue Jays,Landen Maroudis,RHP,Calvary Christian HS,HS,FL,N,
2023,4,122,St. Louis Cardinals,Quinn Mathews,LHP,Stanford,4YR,CA,N,
2023,4,123,New York Mets,Wyatt Hudepohl,RHP,UNC Charlotte,4YR,NC,N,
2023,4,124,Seattle Mariners,Aidan Smith,OF,Lovejoy HS,HS,TX,N,
2023,4,125,Cleveland Guardians,Cooper Ingle,C,Clemson,4YR,SC,N,
2023,4,126,Atlanta Braves,Garrett Baumann,RHP,Hagerty HS,HS,FL,N,
2023,4,127,Los Angeles Dodgers,Wyatt Crowell,LHP,Florida State,4YR,FL,N,
2023,4,128,San Diego Padres,Homer Bush,OF,Grand Canyon University,4YR,AZ,N,
2023,4,129,New York Yankees,Roc Riggio,2B,Oklahoma State,4YR,OK,N,
2023,4,130,Philadelphia Phillies,TayShaun Walton,OF,IMG Academy,HS,FL,N,
2023,4,131,Houston Astros,Cam Fisher,OF,UNC Charlotte,4YR,NC,N,
2023,4C,132,Boston Red Sox,Kristian Campbell,SS,Georgia Tech,4YR,GA,N,
2023,4C,133,Boston Red Sox,Justin Riemer,SS,Wright State,4YR,OH,N,
2023,4C,134,New York Mets,A.J. Ewing,SS,Springboro HS,HS,OH,N,
2023,4C,135,New York Mets,Austin Troesser,RHP,Missouri,4YR,MO,N,
2023,4C,136,Los Angeles Dodgers,Dylan Campbell,OF,Texas,4YR,TX,N,
2023,4C,137,Los Angeles Dodgers,Eriq Swan,RHP,Middle Tennessee State,4YR,TN,N,
2023,5,138,Washington Nationals,Marcus Brown,SS,Oklahoma State,4YR,OK,N,
2023,5,139,Oakland Athletics,Nathan Dettmer,RHP,Texas A&M,4YR,TX,N,
2023,5,140,Pittsburgh Pirates,Patrick Reilly,RHP,Vanderbilt,4YR,TN,N,
2023,5,141,Cincinnati Reds,Connor Burns,C,Long Beach State,4YR,CA,N,
2023,5,142,Kansas City Royals,Spencer Nivens,OF,Missouri State,4YR,MO,N,
2023,5,143,Detroit Tigers,Jaden Hamm,RHP,Middle Tennessee State,4YR,TN,N,
2023,5,144,Texas Rangers,Alejandro Rosario,RHP,Miami,4YR,FL,N,
2023,5,145,Colorado Rockies,Kyle Karros,3B,UCLA,4YR,CA,N,
2023,5,146,Miami Marlins,Andrew Lindsey,RHP,Tennessee,4YR,TN,N,
2023,5,147,Los Angeles Angels,Chris Clark,RHP,Harvard,4YR,MA,N,
2023,5,148,Arizona Diamondbacks,Kevin Sim,3B,University Of San Diego,4YR,CA,N,
2023,5,149,Chicago Cubs,Michael Carico,C,Davidson,4YR,NC,N,
2023,5,150,Minnesota Twins,Dylan Questad,RHP,Waterford HS,HS,WI,N,
2023,5,151,Boston Red Sox,Connelly Early,LHP,Virginia,4YR,VA,N,
2023,5,152,Chicago White Sox,Christian Oppor,LHP,Gulf Coast CC,JC,FL,N,
2023,5,153,San Francisco Giants,Quinn McDaniel,2B,University Of Maine,4YR,ME,N,
2023,5,154,Baltimore Orioles,Jake Cunningham,OF,UNC Charlotte,4YR,NC,N,
2023,5,155,Milwaukee Brewers,Ryan Birchard,RHP,Niagara County CC,JC,NY,N,
2023,5,156,Tampa Bay Rays,Trevor Harrison,RHP,J.W. Mitchell HS,HS,FL,N,
2023,5,157,Toronto Blue Jays,Connor O'Halloran,LHP,Michigan,4YR,MI,N,
2023,5,158,St. Louis Cardinals,Zach Levenson,OF,Miami,4YR,FL,N,
2023,5,159,New York Mets,Zach Thornton,LHP,Grand Canyon University,4YR,AZ,N,
2023,5,160,Seattle Mariners,Brock Rodden,SS,Wichita State,4YR,KS,N,
2023,5,161,Cleveland Guardians,Christian Knapczyk,SS,Louisville,4YR,KY,N,
2023,5,162,Atlanta Braves,Isaiah Drake,OF,North Atlanta HS,HS,GA,N,
2023,5,163,Los Angeles Dodgers,Joe Vetrano,1B,Boston College,4YR,MA,N,
2023,5,164,Houston Astros,Chase Jaworsky,SS,Rock Canyon HS,HS,CO,N,
2023,6,165,Washington Nationals,Gavin Dugas,2B,LSU,4YR,LA,N,
2023,6,166,Oakland Athletics,Jonah Cox,OF,Oral Roberts,4YR,OK,N,
2023,6,167,Pittsburgh Pirates,Hunter Furtado,LHP,Alabama,4YR,AL,N,
2023,6,168,Cincinnati Reds,Ethan O'Donnell,OF,Virginia,4YR,VA,N,
2023,6,169,Kansas City Royals,Coleman Picard,RHP,Bryant University,4YR,RI,N,
2023,6,170,Detroit Tigers,Bennett Lee,C,Wake Forest,4YR,NC,N,
2023,6,171,Texas Rangers,Caden Scarborough,RHP,Harmony HS,HS,FL,N,
2023,6,172,Colorado Rockies,Cade Denton,RHP,Oral Roberts,4YR,OK,N,
2023,6,173,Miami Marlins,Jake DeLeo,OF,Georgia Tech,4YR,GA,N,
2023,6,174,Los Angeles Angels,Camden Minacci,RHP,Wake Forest,4YR,NC,N,
2023,6,175,Arizona Diamondbacks,Philip Abner,LHP,Florida,4YR,FL,N,
2023,6,176,Chicago Cubs,Alfonsin Rosario,OF,P27 Academy,HS,SC,N,
2023,6,177,Minnesota Twins,Jay Harry,SS,Penn State,4YR,PA,N,
2023,6,178,Boston Red Sox,CJ Weins,RHP,Western Kentucky,4YR,KY,N,
2023,6,179,Chicago White Sox,Lucas Gordon,LHP,Texas,4YR,TX,N,
2023,6,180,San Francisco Giants,Luke Shliger,C,Maryland,4YR,MD,N,
2023,6,181,Baltimore Orioles,Jacob Cravey,RHP,Samford University,4YR,AL,N,
2023,6,182,Milwaukee Brewers,Cooper Pratt,SS,Magnolia Heights HS,HS,MS,N,
2023,6,183,Tampa Bay Rays,T.J. Nichols,RHP,Arizona,4YR,AZ,N,
2023,6,184,Toronto Blue Jays,Jace Bohrofen,OF,Arkansas,4YR,AR,N,
2023,6,185,St. Louis Cardinals,Jason Savacool,RHP,Maryland,4YR,MD,N,
2023,6,186,New York Mets,Jack Wenninger,RHP,Illinois,4YR,IL,N,
2023,6,187,Seattle Mariners,Brody Hopkins,RHP,Winthrop,4YR,SC,N,
2023,6,188,Cleveland Guardians,Tommy Hawke,OF,Wake Forest,4YR,NC,N,
2023,6,189,Atlanta Braves,Lucas Braun,RHP,Cal State Northridge,4YR,CA,N,
2023,6,190,Los Angeles Dodgers,Bryan Gonzalez,SS,Carlos Beltran Baseball Academy,HS,CYP,N,
2023,6,191,San Diego Padres,Jay Beshears,2B,Duke,4YR,NC,N,
2023,6,192,New York Yankees,Cade Smith,RHP,Mississippi State,4YR,MS,N,
2023,6,193,Philadelphia Phillies,George Klassen,RHP,Minnesota,4YR,MN,N,
2023,6,194,Houston Astros,Ethan Pecko,RHP,Towson,4YR,MD,N,
2023,7,195,Washington Nationals,Ryan Snell,C,Lamar University,4YR,TX,N,
2023,7,196,Oakland Athletics,Nate Nankil,OF,Cal State Fullerton,4YR,CA,N,
2023,7,197,Pittsburgh Pirates,Jaden Woods,LHP,Georgia,4YR,GA,N,
2023,7,198,Cincinnati Reds,Dominic Pitelli,SS,Miami,4YR,FL,N,
2023,7,199,Kansas City Royals,Trevor Werner,TWP,Texas A&M,4YR,TX,N,
2023,7,200,Detroit Tigers,John Peck,SS,Pepperdine,4YR,CA,N,
2023,7,201,Texas Rangers,Izack Tiger,RHP,Butler County CC,JC,KS,N,
2023,7,202,Colorado Rockies,Seth Halvorsen,RHP,Tennessee,4YR,TN,N,
2023,7,203,Miami Marlins,Justin Storm,LHP,Southern Mississippi,4YR,MS,N,
2023,7,204,Los Angeles Angels,Cole Fontenelle,3B,TCU,4YR,TX,N,
2023,7,205,Arizona Diamondbacks,Ryan Bruno,LHP,Stanford,4YR,CA,N,
2023,7,206,Chicago Cubs,Yahil Melendez,SS,B You Academy,HS,CYP,N,
2023,7,207,Minnesota Twins,Nolan Santos,RHP,Bethune-Cookman University,4YR,FL,N,
2023,7,208,Boston Red Sox,Caden Rose,OF,Alabama,4YR,AL,N,
2023,7,209,Chicago White Sox,George Wolkow,OF,Downers Grove North HS,HS,IL,N,
2023,7,210,San Francisco Giants,Scott Bandura,OF,Princeton,4YR,NJ,N,
2023,7,211,Baltimore Orioles,Teddy Sharkey,RHP,Coastal Carolina,4YR,SC,N,
2023,7,212,Milwaukee Brewers,Tate Kuehner,LHP,Louisville,4YR,KY,N,
2023,7,213,Tampa Bay Rays,Owen Wild,RHP,Gonzaga,4YR,WA,N,
2023,7,214,Toronto Blue Jays,Nick Goodwin,SS,Kansas State,4YR,KS,N,
2023,7,215,St. Louis Cardinals,Charles Harrison,RHP,UCLA,4YR,CA,N,
2023,7,216,New York Mets,Noah Hall,RHP,South Carolina,4YR,SC,N,
2023,7,217,Seattle Mariners,Ty Cummings,RHP,Campbell University,4YR,NC,N,
2023,7,218,Cleveland Guardians,Alex Mooney,SS,Duke,4YR,NC,N,
2023,7,219,Atlanta Braves,Justin Long,RHP,Rice,4YR,TX,N,
2023,7,220,Los Angeles Dodgers,Patrick Copen,RHP,Marshall,4YR,WV,N,
2023,7,221,San Diego Padres,Tucker Musgrove,TWP,University Of Mobile,4YR,AL,N,
2023,7,222,New York Yankees,Kiko Romero,1B,Arizona,4YR,AZ,N,
2023,7,223,Philadelphia Phillies,Jacob Eddington,RHP,Missouri State,4YR,MO,N,
2023,7,224,Houston Astros,Joey Dixon,RHP,Stanford,4YR,CA,N,
2023,8,225,Washington Nationals,Jared Simpson,LHP,Iowa,4YR,IA,N,
2023,8,226,Oakland Athletics,Jackson Finley,RHP,Georgia Tech,4YR,GA,N,
2023,8,227,Pittsburgh Pirates,Austin Strickland,RHP,Kentucky,4YR,KY,N,
2023,8,228,Cincinnati Reds,Carter Graham,1B,Stanford,4YR,CA,N,
2023,8,229,Kansas City Royals,Dustin Dickerson,SS,Southern Mississippi,4YR,MS,N,
2023,8,230,Detroit Tigers,Jatnk Diaz,RHP,Hazleton Area HS,HS,PA,N,
2023,8,231,Texas Rangers,Julian Brock,C,University Of Louisiana At Lafayette,4YR,LA,N,
2023,8,232,Colorado Rockies,Braylen Wimmer,2B,South Carolina,4YR,SC,N,
2023,8,233,Miami Marlins,Nick Maldonado,RHP,Vanderbilt,4YR,TN,N,
2023,8,234,Los Angeles Angels,Barrett Kent,RHP,Pottsboro HS,HS,TX,N,
2023,8,235,Arizona Diamondbacks,Jackson Feltner,1B,Morehead State,4YR,KY,N,
2023,8,236,Chicago Cubs,Brett Bateman,OF,Minnesota,4YR,MN,N,
2023,8,237,Minnesota Twins,Jace Stoffal,RHP,Oregon,4YR,OR,N,
2023,8,238,Boston Red Sox,Trennor O'Donnell,RHP,Ball State,4YR,IN,N,
2023,8,239,Chicago White Sox,Eddie Park,OF,Stanford,4YR,CA,N,
2023,8,240,San Francisco Giants,Josh Bostick,RHP,Grayson College,JC,TX,N,
2023,8,241,Baltimore Orioles,Braxton Bragg,RHP,Dallas Baptist,4YR,TX,N,
2023,8,242,Milwaukee Brewers,Craig Yoho,RHP,Indiana,4YR,IN,N,
2023,8,243,Tampa Bay Rays,Drew Dowd,LHP,Stanford,4YR,CA,N,
2023,8,244,Toronto Blue Jays,Braden Barry,OF,West Virginia,4YR,WV,N,
2023,8,245,St. Louis Cardinals,Ixan Henderson,LHP,Fresno State,4YR,CA,N,
2023,8,246,New York Mets,Boston Baro,SS,Capistrano Valley HS,HS,CA,N,
2023,8,247,Seattle Mariners,Ryan Hawks,RHP,Louisville,4YR,KY,N,
2023,8,248,Cleveland Guardians,Jonah Advincula,OF,Washington State,4YR,WA,N,
2023,8,249,Atlanta Braves,Cory Wall,RHP,William & Mary,4YR,VA,N,
2023,8,250,Los Angeles Dodgers,Jaron Elkins,OF,Goodpasture Christian School,HS,TN,N,
2023,8,251,San Diego Padres,Kannon Kemp,RHP,Weatherford HS,HS,TX,N,
2023,8,252,New York Yankees,Nicholas Judice,RHP,University Of Louisiana - Monroe,4YR,LA,N,
2023,8,253,Philadelphia Phillies,Bryson Ware,3B,Auburn,4YR,AL,N,
2023,8,254,Houston Astros,Ryan Johnson,2B,Pepperdine,4YR,CA,N,
2023,9,255,Washington Nationals,Thomas Schultz,RHP,Vanderbilt,4YR,TN,N,
2023,9,256,Oakland Athletics,Corey Avant,RHP,Wingate,4YR,NC,N,
2023,9,257,Pittsburgh Pirates,Danny Carrion,RHP,University Of California - Davis,4YR,CA,N,
2023,9,258,Cincinnati Reds,Logan Van Treeck,LHP,Lipscomb University,4YR,TN,N,
2023,9,259,Kansas City Royals,Jacob Widener,LHP,Oral Roberts,4YR,OK,N,
2023,9,260,Detroit Tigers,Hayden Minton,RHP,Missouri State,4YR,MO,N,
2023,9,261,Texas Rangers,Quincy Scott,OF,Palomar College,JC,CA,N,
2023,9,262,Colorado Rockies,Ben McCabe,C,Central Florida,4YR,FL,N,
2023,9,263,Miami Marlins,Colby Shade,OF,Oregon,4YR,OR,N,
2023,9,264,Los Angeles Angels,Chase Gockel,RHP,Quincy U,NA,IL,N,
2023,9,265,Arizona Diamondbacks,Kyle Amendt,RHP,Dallas Baptist,NA,TX,N,
2023,9,266,Chicago Cubs,Jonathan Long,1B,Long Beach State,4YR,CA,N,
2023,9,267,Minnesota Twins,Jack Dougherty,RHP,Ole Miss,4YR,MS,N,
2023,9,268,Boston Red Sox,Blake Wehunt,RHP,Kennesaw State,4YR,GA,N,
2023,9,269,Chicago White Sox,Jake Peppers,RHP,Jacksonville State,4YR,AL,N,
2023,9,270,San Francisco Giants,Charlie Szykowny,3B,University Of Illinois At Chicago,NA,IL,N,
2023,9,271,Baltimore Orioles,Zach Fruit,RHP,Troy University,NA,AL,N,
2023,9,272,Milwaukee Brewers,Mark Manfredi,LHP,Dayton,NA,OH,N,
2023,9,273,Tampa Bay Rays,Dalton Fowler,LHP,University Of Memphis,4YR,TN,N,
2023,9,274,Toronto Blue Jays,Sam Shaw,OF,Lambrick Park SS,HS,BC,N,
2023,9,275,St. Louis Cardinals,Christian Worley,RHP,Virginia Tech,4YR,VA,N,
2023,9,276,New York Mets,Nick Lorusso,3B,Maryland,4YR,MD,N,
2023,9,277,Seattle Mariners,RJ Schreck,OF,Vanderbilt,NA,TN,N,
2023,9,278,Cleveland Guardians,Jay Driver,RHP,Harvard,4YR,MA,N,
2023,9,279,Atlanta Braves,Riley Gowens,RHP,Illinois,4YR,IL,N,
2023,9,280,Los Angeles Dodgers,Ryan Brown,RHP,Ball State,4YR,IN,N,
2023,9,281,San Diego Padres,Ryan Wilson,OF,Davidson,4YR,NC,N,
2023,9,282,New York Yankees,Jared Wegner,OF,Arkansas,4YR,AR,N,
2023,9,283,Philadelphia Phillies,Avery Owusu-Asiedu,OF,Southern Illinois University Edwardsville,4YR,IL,N,
2023,9,284,Houston Astros,Jeron Williams,SS,Toledo,4YR,OH,N,
2023,10,285,Washington Nationals,Phillip Glasser,SS,Indiana,NA,IN,N,
2023,10,286,Oakland Athletics,Tom Reisinger,RHP,East Stroudsburg U,4YR,PA,N,
2023,10,287,Pittsburgh Pirates,Landon Tomkins,RHP,Louisiana Tech,4YR,LA,N,
2023,10,288,Cincinnati Reds,Graham Osman,LHP,Long Beach State,4YR,CA,N,
2023,10,289,Kansas City Royals,Justin Johnson,SS,Wake Forest,NA,NC,N,
2023,10,290,Detroit Tigers,Andrew Sears,LHP,Connecticut,4YR,CT,N,
2023,10,291,Texas Rangers,Case Matter,RHP,Washington,4YR,WA,N,
2023,10,292,Colorado Rockies,Jace Kaminska,RHP,Nebraska,4YR,NE,N,
2023,10,293,Miami Marlins,Xavier Meachem,RHP,North Carolina A&T,4YR,NC,N,
2023,10,294,Los Angeles Angels,Chris Barraza,RHP,Arizona,4YR,AZ,N,
2023,10,295,Arizona Diamondbacks,Zane Russell,RHP,Dallas Baptist,4YR,TX,N,
2023,10,296,Chicago Cubs,Luis Martinez-Gomez,RHP,Temple Col,JC,TX,N,
2023,10,297,Minnesota Twins,Ross Dunn,LHP,Arizona State,4YR,AZ,N,
2023,10,298,Boston Red Sox,Ryan Ammons,LHP,Clemson,4YR,SC,N,
2023,10,299,Chicago White Sox,Zach Franklin,RHP,Missouri,4YR,MO,N,
2023,10,300,San Francisco Giants,Ryan Vanderhei,RHP,TCU,4YR,TX,N,
2023,10,301,Baltimore Orioles,Matthew Etzel,OF,Southern Mississippi,4YR,MS,N,
2023,10,302,Milwaukee Brewers,Morris Austin,RHP,Houston Christian U,NA,TX,N,
2023,10,303,Tampa Bay Rays,Adam Boucher,RHP,Duke,4YR,NC,N,
2023,10,304,Toronto Blue Jays,Josh Mollerus,RHP,Oregon,4YR,OR,N,
2023,10,305,St. Louis Cardinals,Caden Kendle,OF,University Of California - Irvine,4YR,CA,N,
2023,10,306,New York Mets,Christian Pregent,C,Stetson,4YR,FL,N,
2023,10,307,Seattle Mariners,Jared Sundstrom,OF,UC Santa Barbara,4YR,CA,N,
2023,10,308,Cleveland Guardians,Matthew Wilkinson,LHP,Central Arizona College,JC,AZ,N,
2023,10,309,Atlanta Braves,Pier-Olivier Boucher,OF,Southern Illinois U Carbondale,4YR,IL,N,
2023,10,310,Los Angeles Dodgers,Sam Mongelli,SS,Sacred Heart University,4YR,CT,N,
2023,10,311,San Diego Padres,Nik McClaughry,SS,Arizona,4YR,AZ,N,
2023,10,312,New York Yankees,Brian Hendry,RHP,Oklahoma State,4YR,OK,N,
2023,10,313,Philadelphia Phillies,Cam Brown,RHP,TCU,4YR,TX,N,
2023,10,314,Houston Astros,Austin Deming,3B,Brigham Young,NA,UT,N,
2023,11,315,Washington Nationals,Gavin Adams,RHP,Indian River State,JC,FL,N,
2023,11,316,Oakland Athletics,Drew Conover,RHP,Rutgers,4YR,NJ,N,
2023,11,317,Pittsburgh Pirates,Magdiel Cotto,LHP,Kentucky,4YR,KY,N,
2023,11,318,Cincinnati Reds,Jack Moss,1B,Texas A&M,4YR,TX,N,
2023,11,319,Kansas City Royals,Jared Dickey,OF,Tennessee,4YR,TN,N,
2023,11,320,Detroit Tigers,Jim Jarvis,SS,Alabama,4YR,AL,N,
2023,11,321,Texas Rangers,Max Martin,OF,Southridge HS,HS,WA,N,
2023,11,322,Colorado Rockies,Stu Flesland,LHP,Washington,4YR,WA,N,
2023,11,323,Miami Marlins,Jake Brooks,RHP,UCLA,4YR,CA,N,
2023,11,324,Los Angeles Angels,John Wimmer,SS,Rock Hill HS,HS,SC,N,
2023,11,325,Arizona Diamondbacks,Casey Anderson,RHP,Utah Valley,4YR,UT,N,
2023,11,326,Chicago Cubs,Zyhir Hope,OF,Colonial Forge HS,HS,VA,N,
2023,11,327,Minnesota Twins,Ty Langenberg,RHP,Iowa,4YR,IA,N,
2023,11,328,Boston Red Sox,Nelson Taylor,OF,Polk State College,JC,FL,N,
2023,11,329,Chicago White Sox,Rikuu Nishida,2B,Oregon,4YR,OR,N,
2023,11,330,San Francisco Giants,Jack Payton,C,Louisville,4YR,KY,N,
2023,11,331,Baltimore Orioles,Nestor German,RHP,Seattle University,4YR,WA,N,
2023,11,332,Milwaukee Brewers,Bishop Letson,RHP,Floyd Central HS,HS,IN,N,
2023,11,333,Tampa Bay Rays,Garrett Edwards,RHP,LSU,4YR,LA,N,
2023,11,334,Toronto Blue Jays,Grant Rogers,RHP,Mcneese State,4YR,LA,N,
2023,11,335,St. Louis Cardinals,Dakota Harris,SS,Oklahoma,4YR,OK,N,
2023,11,336,New York Mets,Brett Banks,RHP,UNC Wilmington,4YR,NC,N,
2023,11,337,Seattle Mariners,Brandyn Garcia,LHP,Texas A&M,4YR,TX,N,
2023,11,338,Cleveland Guardians,Johnny Tincher,C,Washington,4YR,WA,N,
2023,11,339,Atlanta Braves,Jace Grady,OF,Dallas Baptist,4YR,TX,N,
2023,11,340,Los Angeles Dodgers,Carson Hobbs,RHP,Samford University,4YR,AL,N,
2023,11,341,San Diego Padres,Carson Montgomery,RHP,Florida State,4YR,FL,N,
2023,11,342,New York Yankees,Josh Grosz,RHP,East Carolina,4YR,NC,N,
2023,11,343,Philadelphia Phillies,Kehden Hettiger,C,Sierra Canyon School,HS,CA,N,
2023,11,344,Houston Astros,Nehomar Ochoa,OF,Galena Park HS,HS,TX,N,
2023,12,345,Washington Nationals,Travis Sthele,RHP,Texas,4YR,TX,N,
2023,12,346,Oakland Athletics,Cole Conn,C,University Of Illinois At Chicago,4YR,IL,N,
2023,12,347,Pittsburgh Pirates,Khristian Curtis,RHP,Arizona State,4YR,AZ,N,
2023,12,348,Cincinnati Reds,Simon Miller,RHP,University Of Texas - San Antonio,4YR,TX,N,
2023,12,349,Kansas City Royals,Logan Martin,RHP,Kentucky,4YR,KY,N,
2023,12,350,Detroit Tigers,Andrew Dunford,RHP,Houston County HS,HS,GA,N,
2023,12,351,Texas Rangers,Paul Bonzagni,RHP,Southern Illinois University Carbondale,4YR,IL,N,
2023,12,352,Colorado Rockies,Bryson Hammer,LHP,Dallas Baptist,4YR,TX,N,
2023,12,353,Miami Marlins,Josh Ekness,RHP,Houston,4YR,TX,N,
2023,12,354,Los Angeles Angels,Sam Brown,1B,Washington State,4YR,WA,N,
2023,12,355,Arizona Diamondbacks,Sam Knowlton,RHP,University Of South Alabama,4YR,AL,N,
2023,12,356,Chicago Cubs,Carter Trice,2B,NC State,4YR,NC,N,
2023,12,357,Minnesota Twins,Paulshawn Pasqualotto,RHP,California,4YR,CA,N,
2023,12,358,Boston Red Sox,Max Carlson,RHP,North Carolina,4YR,NC,N,
2023,12,359,Chicago White Sox,Mathias LaCombe,RHP,Cochise College,JC,AZ,N,
2023,12,360,San Francisco Giants,Timmy Manning,LHP,Arizona State,4YR,AZ,N,
2023,12,361,Baltimore Orioles,Blake Money,RHP,LSU,4YR,LA,N,
2023,12,362,Milwaukee Brewers,Bjorn Johnson,LHP,Lincoln HS,HS,WA,N,
2023,12,363,Tampa Bay Rays,Chandler Murphy,RHP,Missouri,4YR,MO,N,
2023,12,364,Toronto Blue Jays,Chay Yeager,RHP,Pasco Hernando CC,JC,FL,N,
2023,12,365,St. Louis Cardinals,Brayden Jobert,OF,LSU,4YR,LA,N,
2023,12,366,New York Mets,Brady Kirtner,RHP,Virginia Tech,4YR,VA,N,
2023,12,367,Seattle Mariners,Logan Evans,RHP,Pittsburgh,4YR,PA,N,
2023,12,368,Cleveland Guardians,Keegan Zinn,RHP,Lake Minneola HS,HS,FL,N,
2023,12,369,Atlanta Braves,Brady Day,2B,Kansas State,4YR,KS,N,
2023,12,370,Los Angeles Dodgers,Noah Ruen,RHP,Tyler JC,JC,TX,N,
2023,12,371,San Diego Padres,Blake Dickerson,LHP,Ocean Lakes HS,HS,VA,N,
2023,12,372,New York Yankees,Brady Rose,LHP,Dallas Baptist,4YR,TX,N,
2023,12,373,Philadelphia Phillies,Brandon Beckel,RHP,Texas Tech,4YR,TX,N,
2023,12,374,Houston Astros,Anthony Huezo,OF,Etiwanda HS,HS,CA,N,
2023,13,375,Washington Nationals,Liam Sullivan,LHP,Georgia,4YR,GA,N,
2023,13,376,Oakland Athletics,Will Johnston,LHP,Texas A&M,4YR,TX,N,
2023,13,377,Pittsburgh Pirates,Charles McAdoo,2B,San Jose State,4YR,CA,N,
2023,13,378,Cincinnati Reds,Cody Adcock,RHP,Arkansas,4YR,AR,N,
2023,13,379,Kansas City Royals,Ethan Bosacker,RHP,Xavier,4YR,OH,N,
2023,13,380,Detroit Tigers,Brett Callahan,OF,Saint Joseph's,4YR,PA,N,
2023,13,381,Texas Rangers,William Privette,RHP,College Of Charleston,4YR,SC,N,
2023,13,382,Colorado Rockies,Caleb Hobson,OF,U Tennessee Martin,4YR,TN,N,
2023,13,383,Miami Marlins,Colson Lawrence,OF,University Of South Alabama,4YR,AL,N,
2023,13,384,Los Angeles Angels,Riley Bauman,X,Abilene Christian U,4YR,TX,N,
2023,13,385,Arizona Diamondbacks,Hayden Durke,RHP,Rice,4YR,TX,N,
2023,13,386,Chicago Cubs,Sam Armstrong,RHP,Old Dominion,4YR,VA,N,
2023,13,387,Minnesota Twins,Jeremy Lee,RHP,University Of South Alabama,4YR,AL,N,
2023,13,388,Boston Red Sox,Cade Feeney,RHP,North Dakota State,4YR,ND,N,
2023,13,389,Chicago White Sox,Ryan Galanie,3B,Wofford,4YR,SC,N,
2023,13,390,San Francisco Giants,Jose Ortiz,OF,Leadership Christian Academy,HS,CYP,N,
2023,13,391,Baltimore Orioles,Riley Cooper,LHP,LSU,4YR,LA,N,
2023,13,392,Milwaukee Brewers,Brett Wichrowski,RHP,Bryant University,4YR,RI,N,
2023,13,393,Tampa Bay Rays,Bryan Broecker,C,Michigan State,4YR,MI,N,
2023,13,394,Toronto Blue Jays,Brennan Orf,OF,Southern Illinois University Edwardsville,4YR,IL,N,
2023,13,395,St. Louis Cardinals,William Sullivan,1B,Troy University,4YR,AL,N,
2023,13,396,New York Mets,Ben Simon,RHP,Elon University,4YR,NC,N,
2023,13,397,Seattle Mariners,Elijah Dale,RHP,Illinois State,4YR,IL,N,
2023,13,398,Cleveland Guardians,Jacob Bresnahan,LHP,Sumner HS,HS,WA,N,
2023,13,399,Atlanta Braves,Will Verdung,3B,Itawamba JC,JC,MS,N,
2023,13,400,Los Angeles Dodgers,Alex Makarewich,RHP,Northwestern State,4YR,LA,N,
2023,13,401,San Diego Padres,Dane Lais,RHP,Oregon City HS,HS,OR,N,
2023,13,402,New York Yankees,Josh Tiedemann,TWP,Hamilton HS,HS,AZ,N,
2023,13,403,Philadelphia Phillies,Marty Gair,RHP,Florida Southwestern State College,JC,FL,N,
2023,13,404,Houston Astros,James Hicks,RHP,South Carolina,4YR,SC,N,
2023,14,405,Washington Nationals,Elijah Nunez,OF,TCU,4YR,TX,N,
2023,14,406,Oakland Athletics,Luke Mann,3B,Missouri,4YR,MO,N,
2023,14,407,Pittsburgh Pirates,Garrett McMillan,RHP,Alabama,4YR,AL,N,
2023,14,408,Cincinnati Reds,Kyle Henley,OF,Denmark HS,HS,GA,N,
2023,14,409,Kansas City Royals,Mason Miller,LHP,Florida Gulf Coast University,4YR,FL,N,
2023,14,410,Detroit Tigers,David Smith,2B,Connecticut,4YR,CT,N,
2023,14,411,Texas Rangers,Josh Trentadue,LHP,College Of Southern Idaho,JC,ID,N,
2023,14,412,Colorado Rockies,Hunter Mann,RHP,Tennessee Tech,4YR,TN,N,
2023,14,413,Miami Marlins,Jack Sellinger,LHP,UNLV,4YR,NV,N,
2023,14,414,Los Angeles Angels,Zach Joyce,RHP,Tennessee,4YR,TN,N,
2023,14,415,Arizona Diamondbacks,Jake Fitzgibbons,LHP,Tennessee,4YR,TN,N,
2023,14,416,Chicago Cubs,Grayson Moore,RHP,Vanderbilt,4YR,TN,N,
2023,14,417,Minnesota Twins,Xander Hamilton,RHP,Appalachian State,4YR,NC,N,
2023,14,418,Boston Red Sox,Joseph Ingrassia,LHP,Cal State Fullerton,4YR,CA,N,
2023,14,419,Chicago White Sox,Edrick Felix,2B,Florida Gulf Coast University,4YR,FL,N,
2023,14,420,San Francisco Giants,Cale Lansville,RHP,San Jacinto College North,JC,TX,N,
2023,14,421,Baltimore Orioles,Michael Forret,RHP,State College Of Florida Manatee - Sarasota,JC,FL,N,
2023,14,422,Milwaukee Brewers,Hayden Robinson,RHP,Berwick HS,HS,LA,N,
2023,14,423,Tampa Bay Rays,T.J. Fondtain,OF,San Diego State,4YR,CA,N,
2023,14,424,Toronto Blue Jays,Joe Vogatsky,RHP,James Madison University,4YR,VA,N,
2023,14,425,St. Louis Cardinals,Jacob Odle,RHP,Orange Coast College,JC,CA,N,
2023,14,426,New York Mets,John Valle,RHP,Jefferson HS,HS,FL,N,
2023,14,427,Seattle Mariners,Ernie Day,RHP,Campbell University,4YR,NC,N,
2023,14,428,Cleveland Guardians,Zane Morehouse,RHP,Texas,4YR,TX,N,
2023,14,429,Atlanta Braves,Mitch Farris,LHP,Wingate,4YR,NC,N,
2023,14,430,Los Angeles Dodgers,Jaxon Jelkin,RHP,South Mountain CC,JC,AZ,N,
2023,14,431,San Diego Padres,Tyler Morgan,RHP,Abilene Christian,4YR,TX,N,
2023,14,432,New York Yankees,Danny Flatt,RHP,P27 Academy,HS,SC,N,
2023,14,433,Philadelphia Phillies,Zach Arnold,SS,Houston,4YR,TX,N,
2023,14,434,Houston Astros,Jackson Nezuh,RHP,University Of Louisiana At Lafayette,4YR,LA,N,
2023,15,435,Washington Nationals,Mikey Tepper,RHP,Liberty University,4YR,VA,N,
2023,15,436,Oakland Athletics,Will Simpson,OF,Washington,4YR,WA,N,
2023,15,437,Pittsburgh Pirates,John Lopez,C,Puerto Rico Baseball Academy,HS,CYP,N,
2023,15,438,Cincinnati Reds,Dylan Simmons,RHP,Pittsburgh,4YR,PA,N,
2023,15,439,Kansas City Royals,Chase Isbell,RHP,Auburn,4YR,AL,N,
2023,15,440,Detroit Tigers,Brady Cerkownyk,C,Connors State,JC,OK,N,
2023,15,441,Texas Rangers,Michael Trausch,LHP,Central Arizona Col,JC,AZ,N,
2023,15,442,Colorado Rockies,Darius Perry,C,UCLA,4YR,CA,N,
2023,15,443,Miami Marlins,Nigel Belgrave,RHP,Maryland,4YR,MD,N,
2023,15,444,Los Angeles Angels,Caleb Ketchup,SS,Lipscomb University,4YR,TN,N,
2023,15,445,Arizona Diamondbacks,Rio Britton,LHP,NC State,4YR,NC,N,
2023,15,446,Chicago Cubs,Ty Johnson,RHP,Ball State,4YR,IN,N,
2023,15,447,Minnesota Twins,Spencer Bengard,RHP,California Baptist U,4YR,CA,N,
2023,15,448,Boston Red Sox,Phoenix Call,SS,Calabasas HS,HS,CA,N,
2023,15,449,Chicago White Sox,Carlton Perkins,RHP,Cowley County CC,JC,KS,N,
2023,15,450,San Francisco Giants,Dylan Carmouche,LHP,Tulane,4YR,LA,N,
2023,15,451,Baltimore Orioles,Qrey Lott,OF,Lowndes HS,HS,GA,N,
2023,15,452,Milwaukee Brewers,Josh Adamczewski,SS,Lake Central HS,HS,IN,N,
2023,15,453,Tampa Bay Rays,Will Stevens,RHP,Tarleton State,4YR,TX,N,
2023,15,454,Toronto Blue Jays,Kelena Sauer,RHP,San Diego State,4YR,CA,N,
2023,15,455,St. Louis Cardinals,Tre Richardson,SS,TCU,4YR,TX,N,
2023,15,456,New York Mets,Justin Lawson,RHP,NC State,4YR,NC,N,
2023,15,457,Seattle Mariners,Carson Jones,OF,Virginia Tech,4YR,VA,N,
2023,15,458,Cleveland Guardians,Kyle Scott,RHP,Lackawanna College,JC,PA,N,
2023,15,459,Atlanta Braves,David Rodriguez,RHP,San Joaquin Delta College,JC,CA,N,
2023,15,460,Los Angeles Dodgers,Jordan Thompson,SS,LSU,4YR,LA,N,
2023,15,461,San Diego Padres,Zac Addkison,RHP,Marshall,4YR,WV,N,
2023,15,462,New York Yankees,Tomas Frick,C,North Carolina,4YR,NC,N,
2023,15,463,Philadelphia Phillies,Jared Thomas,C,Loyola Marymount University,4YR,CA,N,
2023,15,464,Houston Astros,Garret Guillemette,C,Texas,4YR,TX,N,
2023,16,465,Washington Nationals,Austin Amaral,RHP,Stetson,4YR,FL,N,
2023,16,466,Oakland Athletics,Ryan Brown,RHP,Oregon State,4YR,OR,N,
2023,16,467,Pittsburgh Pirates,Justin Miknis,C,Kent State,4YR,OH,N,
2023,16,468,Cincinnati Reds,Bernard Moon,SS,Redan HS,HS,GA,N,
2023,16,469,Kansas City Royals,Josh Hansell,RHP,Arizona State,4YR,AZ,N,
2023,16,470,Detroit Tigers,Donye Evans,RHP,UNC Charlotte,4YR,NC,N,
2023,16,471,Texas Rangers,Jake Brown,LHP,Sulphur HS,HS,LA,N,
2023,16,472,Colorado Rockies,Austin Emener,LHP,East Tennessee St U,4YR,TN,N,
2023,16,473,Miami Marlins,Kevin Vaupel,LHP,Seton Hill University,4YR,PA,N,
2023,16,474,Los Angeles Angels,Rio Foster,OF,Florence-Darlington Tech,JC,SC,N,
2023,16,475,Arizona Diamondbacks,Matthew Linskey,RHP,Rice,4YR,TX,N,
2023,16,476,Chicago Cubs,Daniel Brown,LHP,Campbell University,4YR,NC,N,
2023,16,477,Minnesota Twins,Anthony Silvas,RHP,Riverside CC,JC,CA,N,
2023,16,478,Boston Red Sox,Isaac Stebens,RHP,Oklahoma State,4YR,OK,N,
2023,16,479,Chicago White Sox,Weston Eberly,C,Columbia,4YR,NY,N,
2023,16,480,San Francisco Giants,Justin Wishkoski,3B,Sam Houston,4YR,TX,N,
2023,16,481,Baltimore Orioles,Cole Urman,C,Cal State Fullerton,4YR,CA,N,
2023,16,482,Milwaukee Brewers,Josh Timmerman,RHP,Ohio State,4YR,OH,N,
2023,16,483,Tampa Bay Rays,Wooyeoul Shin,1B,Miami Dade College,JC,FL,N,
2023,16,484,Toronto Blue Jays,Jackson Hornung,C,Skidmore Col,4YR,NY,N,
2023,16,485,St. Louis Cardinals,Tyler Bradt,RHP,East Carolina,4YR,NC,N,
2023,16,486,New York Mets,Jacob Zitella,3B,St Charles East HS,HS,IL,N,
2023,16,487,Seattle Mariners,Caleb Cali,3B,Arkansas,4YR,AR,N,
2023,16,488,Cleveland Guardians,Jeffrey Heuer,RHP,Georgia Home Education Association,HS,GA,N,
2023,16,489,Atlanta Braves,Isaac Gallegos,RHP,New Mexico,4YR,NM,N,
2023,16,490,Los Angeles Dodgers,Javen Coleman,LHP,LSU,4YR,LA,N,
2023,16,491,San Diego Padres,Sam Whiting,RHP,UC Santa Barbara,4YR,CA,N,
2023,16,492,New York Yankees,Andrew Landry,RHP,Southeastern Louisiana University,4YR,LA,N,
2023,16,493,Philadelphia Phillies,Luke Russo,RHP,Eastern Michigan,4YR,MI,N,
2023,16,494,Houston Astros,Will Bush,C,Tyler JC,JC,TX,N,
2023,17,495,Washington Nationals,Merrick Baldo,RHP,Loyola Marymount University,4YR,CA,N,
2023,17,496,Oakland Athletics,Colby Halter,2B,Florida,4YR,FL,N,
2023,17,497,Pittsburgh Pirates,Daniel Cuvet,3B,ESB Academy,HS,FL,N,
2023,17,498,Cincinnati Reds,JeanPierre Ortiz,TWP,Chipola College,JC,FL,N,
2023,17,499,Kansas City Royals,Connor Oliver,LHP,Miami University,4YR,OH,N,
2023,17,500,Detroit Tigers,Bradley Stewart,LHP,Cooper City HS,HS,FL,N,
2023,17,501,Texas Rangers,Kamdyn Perry,RHP,Bishop Gorman HS,HS,NV,N,
2023,17,502,Colorado Rockies,Aidan Longwell,1B,Kent State,4YR,OH,N,
2023,17,503,Miami Marlins,Mark Coley,OF,University Of Rhode Island,4YR,RI,N,
2023,17,504,Los Angeles Angels,Logan Britt,RHP,Abilene Christian,4YR,TX,N,
2023,17,505,Arizona Diamondbacks,Carlos Rey,LHP,Nova Southeastern University,4YR,FL,N,
2023,17,506,Chicago Cubs,Ethan Flanagan,LHP,UCLA,4YR,CA,N,
2023,17,507,Minnesota Twins,Kade Bragg,LHP,Angelo State,4YR,TX,N,
2023,17,508,Boston Red Sox,Dylan Schlaegel,OF,Legacy HS,HS,TX,N,
2023,17,509,Chicago White Sox,Mikey Kane,IF,Oregon State,4YR,OR,N,
2023,17,510,San Francisco Giants,Drew Cavanaugh,C,Florida Southern,4YR,FL,N,
2023,17,511,Baltimore Orioles,Zane Barnhart,RHP,Hillsdale College,4YR,MI,N,
2023,17,512,Milwaukee Brewers,Jacob Gholston,RHP,Flower Mound HS,HS,TX,N,
2023,17,513,Tampa Bay Rays,Hayden Snelsire,RHP,Randolph-Macon College,4YR,VA,N,
2023,17,514,Toronto Blue Jays,Sam Kulasingam,1B,Air Force,4YR,CO,N,
2023,17,515,St. Louis Cardinals,Trey Paige,3B,Delaware State University,4YR,DE,N,
2023,17,516,New York Mets,Bryce Jenkins,RHP,Tennessee,4YR,TN,N,
2023,17,517,Seattle Mariners,Jacob Sharp,C,UNLV,4YR,NV,N,
2023,17,518,Cleveland Guardians,Barrett Riebock,OF,Paris JC,JC,TX,N,
2023,17,519,Atlanta Braves,Kade Kern,OF,Ohio State,4YR,OH,N,
2023,17,520,Los Angeles Dodgers,Luke Fox,LHP,Duke,4YR,NC,N,
2023,17,521,San Diego Padres,Eric Yost,RHP,Northeastern,4YR,MA,N,
2023,17,522,New York Yankees,Wilson Rodriguez,OF,Academia Presbiteriana HS,HS,CYP,N,
2023,17,523,Philadelphia Phillies,A.J. Shaver,OF,Florida Southwestern State College,JC,FL,N,
2023,17,524,Houston Astros,Colby Langford,LHP,Murray State Col,JC,OK,N,
2023,18,525,Washington Nationals,Nate Rombach,C,Dallas Baptist,4YR,TX,N,
2023,18,526,Oakland Athletics,Derrick Tarpley,OF,Brownsville Area HS,HS,PA,N,
2023,18,527,Pittsburgh Pirates,Kalae Harrison,SS,NC State,4YR,NC,N,
2023,18,528,Cincinnati Reds,Drew Pestka,RHP,John A. Logan College,JC,IL,N,
2023,18,529,Kansas City Royals,Stone Russell,C,IMG Academy,HS,FL,N,
2023,18,530,Detroit Tigers,Ethan Farris,3B,Cypress Woods HS,HS,TX,N,
2023,18,531,Texas Rangers,Brendan Morse,RHP,Niagara County CC,JC,NY,N,
2023,18,532,Colorado Rockies,Yanzel Correa,RHP,International Baseball Academy,HS,CYP,N,
2023,18,533,Miami Marlins,Tristan Dietrich,LHP,Owen J. Roberts HS,HS,PA,N,
2023,18,534,Los Angeles Angels,Dalton Kendrick,LHP,University Of Memphis,4YR,TN,N,
2023,18,535,Arizona Diamondbacks,Alec Baker,RHP,Dallas Baptist,4YR,TX,N,
2023,18,536,Chicago Cubs,Brian Kalmer,3B,Gonzaga,4YR,WA,N,
2023,18,537,Minnesota Twins,Hector Garcia,RHP,Hope International U,4YR,CA,N,
2023,18,538,Boston Red Sox,Zach Fogell,LHP,Connecticut,NA,CT,N,
2023,18,539,Chicago White Sox,Anthony Imhoff,LHP,Pima CC,JC,AZ,N,
2023,18,540,San Francisco Giants,Michael Rodriguez,LHP,North Greenville University,4YR,SC,N,
2023,18,541,Baltimore Orioles,Tanner Witt,RHP,Texas,4YR,TX,N,
2023,18,542,Milwaukee Brewers,Dylan Watts,RHP,Tacoma CC,JC,WA,N,
2023,18,543,Tampa Bay Rays,Jeremy Pilon,LHP,Ecole Secondaire Du Chene-Bleu,HS,QC,N,
2023,18,544,Toronto Blue Jays,Chase Brunson,OF,San Clemente HS,HS,CA,N,
2023,18,545,St. Louis Cardinals,Hunter Kublick,RHP,Umpqua CC,JC,OR,N,
2023,18,546,New York Mets,Gavyn Jones,LHP,White Oak HS,HS,TX,N,
2023,18,547,Seattle Mariners,Daniel Ouderkirk,RHP,Penn State,NA,PA,N,
2023,18,548,Cleveland Guardians,Matt Jachec,RHP,Indiana State,4YR,IN,N,
2023,18,549,Atlanta Braves,Cam Magee,SS,Washington State,4YR,WA,N,
2023,18,550,Los Angeles Dodgers,Sterling Patick,LHP,South Hills HS,HS,CA,N,
2023,18,551,San Diego Padres,Harry Gustin,LHP,Hawaii,4YR,HI,N,
2023,18,552,New York Yankees,Coby Morales,OF,Washington,4YR,WA,N,
2023,18,553,Philadelphia Phillies,Ethan Chenault,RHP,UNC Wilmington,4YR,NC,N,
2023,18,554,Houston Astros,Derek True,RHP,Cal Poly,4YR,CA,N,
2023,19,555,Washington Nationals,James Ellwanger,RHP,Magnolia West HS,HS,TX,N,
2023,19,556,Oakland Athletics,Derek Salata,RHP,Illinois State,4YR,IL,N,
2023,19,557,Pittsburgh Pirates,Tyler Kennedy,RHP,Florida Southwestern State College,JC,FL,N,
2023,19,558,Cincinnati Reds,Herick Hernandez,LHP,Miami Dade College,JC,FL,N,
2023,19,559,Kansas City Royals,Donovan LaSalle,OF,Barbe HS,HS,LA,N,
2023,19,560,Detroit Tigers,Blake Pivaroff,RHP,Arizona State,4YR,AZ,N,
2023,19,561,Texas Rangers,Eiljah Ickes,OF,Kamehameha HS,HS,HI,N,
2023,19,562,Colorado Rockies,Kannon Handy,LHP,Colorado Mesa U,4YR,CO,N,
2023,19,563,Miami Marlins,Johnny Olmstead,3B,USC,4YR,CA,N,
2023,19,564,Los Angeles Angels,Raudi Rodriguez,OF,Georgia Premier Academy,HS,GA,N,
2023,19,565,Arizona Diamondbacks,Wyatt Crenshaw,2B,Arizona St U,4YR,AZ,N,
2023,19,566,Chicago Cubs,Nick Dean,RHP,Maryland,4YR,MD,N,
2023,19,567,Minnesota Twins,Sam Parker,1B,Kennesaw Mountain HS,HS,GA,N,
2023,19,568,Boston Red Sox,Stanley Tucker,OF,Texas A&M,4YR,TX,N,
2023,19,569,Chicago White Sox,Caden Connor,OF,Cal State Fullerton,4YR,CA,N,
2023,19,570,San Francisco Giants,Tom Kane,LHP,Maryland,4YR,MD,N,
2023,19,571,Baltimore Orioles,Kollin Ritchie,SS,Atoka HS,HS,OK,N,
2023,19,572,Milwaukee Brewers,Isaac Morton,RHP,Spring Lake Park HS,HS,MN,N,
2023,19,573,Tampa Bay Rays,Owen Stevenson,RHP,Arizona State,4YR,AZ,N,
2023,19,574,Toronto Blue Jays,Aaron Munson,RHP,Angelo St U,4YR,TX,N,
2023,19,575,St. Louis Cardinals,Graysen Tarlow,C,Cal State Northridge,4YR,CA,N,
2023,19,576,New York Mets,Christian Little,RHP,LSU,4YR,LA,N,
2023,19,577,Seattle Mariners,Charlie Pagliarini,3B,Fairfield,4YR,CT,N,
2023,19,578,Cleveland Guardians,Josh Harlow,RHP,Mercer U,4YR,GA,N,
2023,19,579,Atlanta Braves,Riley Frey,LHP,Milwaukee,4YR,WI,N,
2023,19,580,Los Angeles Dodgers,Spencer Green,RHP,Richland HS,HS,WA,N,
2023,19,581,San Diego Padres,Adler Cecil,X,Temecula Valley HS,HS,CA,N,
2023,19,582,New York Yankees,Cade Austin,RHP,South Carolina,4YR,SC,N,
2023,19,583,Philadelphia Phillies,Casey Steward,RHP,Washburn University,4YR,KS,N,
2023,19,584,Houston Astros,Andrew Duncan,OF,A3 Academy,HS,FL,N,
2023,20,585,Washington Nationals,Isaac Ayon,RHP,Oregon,4YR,OR,N,
2023,20,586,Oakland Athletics,Diego Barrera,LHP,,,,N,
2023,20,587,Pittsburgh Pirates,Peyton Stumbo,RHP,Nevada,4YR,NV,N,
2023,20,588,Cincinnati Reds,Gabe Gaeckle,RHP,Aptos HS,HS,CA,N,
2023,20,589,Kansas City Royals,Blake Wilson,SS,Santa Margarita Catholic HS,HS,CA,N,
2023,20,590,Detroit Tigers,Johnathan Rogers,RHP,Tupelo HS,HS,MS,N,
2023,20,591,Texas Rangers,Laif Palmer,RHP,Golden HS,HS,CO,N,
2023,20,592,Colorado Rockies,Troy Butler,RHP,Herkimer County CC,JC,NY,N,
2023,20,593,Miami Marlins,Ryan Ignoffo,TWP,Eastern Illinois,4YR,IL,N,
2023,20,594,Los Angeles Angels,Mac McCroskey,SS,Oral Roberts,4YR,OK,N,
2023,20,595,Arizona Diamondbacks,Dominic Voegele,RHP,Columbia HS,HS,IL,N,
2023,20,596,Chicago Cubs,Drew Bowser,3B,Stanford,4YR,CA,N,
2023,20,597,Minnesota Twins,Ashton Larson,OF,Saint Thomas Aquinas HS,HS,KS,N,
2023,20,598,Boston Red Sox,Robert Orloski,RHP,Middleton HS,HS,ID,N,
2023,20,599,Chicago White Sox,Garrett Wright,RHP,TCU,4YR,TX,N,
2023,20,600,San Francisco Giants,Nadir Lewis,OF,Princeton,4YR,NJ,N,
2023,20,601,Baltimore Orioles,Jalen Vasquez,SS,North Greenville University,4YR,SC,N,
2023,20,602,Milwaukee Brewers,Justin Chambers,LHP,Basha HS,HS,AZ,N,
2023,20,603,Tampa Bay Rays,Max Stanley,RHP,Douglas County HS,HS,CO,N,
2023,20,604,Toronto Blue Jays,Peterson,LHP,Sierra JC,JC,CA,N,
2023,20,605,St. Louis Cardinals,Cameron Johnson,LHP,IMG Academy,HS,FL,N,
2023,20,606,New York Mets,Kellum Clark,OF,Mississippi State,4YR,MS,N,
2023,20,607,Seattle Mariners,William Watson,RHP,San Joaquin Delta College,JC,CA,N,
2023,20,608,Cleveland Guardians,Ryan Marohn,LHP,Freedom HS,HS,VA,N,
2023,20,609,Atlanta Braves,Will King,C,Eastern Kentucky U,4YR,KY,N,
2023,20,610,Los Angeles Dodgers,Uiagalelei,X,Oregon St U,NA,OR,N,
2023,20,611,San Diego Padres,Choi,SS,New Mexico Military Institute,JC,NM,N,
2023,20,612,New York Yankees,Bryce Warrecker,RHP,Cal Poly,4YR,CA,N,
2023,20,613,Philadelphia Phillies,Pierce Bennett,2B,Wake Forest,4YR,NC,N,
2023,20,614,Houston Astros,Pascanel Ferreras,SS,Western Carolina,4YR,NC,N,